X,Y,formation,appar_th,thickness,cl,cm,p1x,p1y,p2x,p2y,dip,type
538787.93391317,7511414.1903763665,Weeli_Wolli_Formation,846.8084756384266,18,-0.8761318353254226,0.4820715788441657,536377.5760189492,7507033.531199739,541198.2918073909,7515794.849552994,1.2452001463972664,full
540176.3702598349,7509536.418059698,Weeli_Wolli_Formation,1472.738107281725,105,-0.6337404121023255,0.7735457905440211,536308.6413071149,7506367.715999187,544044.099212555,7512705.12012021,4.102949259904804,full
540136.6306451501,7507380.908688377,Weeli_Wolli_Formation,1575.1866315467341,151,0.5884000072601714,0.8085699916867001,536093.7806867165,7510322.908724678,544179.4806035836,7504438.908652076,5.509294081132538,full
536619.020546295,7505701.410906535,Weeli_Wolli_Formation,831.1171237416498,57,0.996115052196846,0.08806135807989154,536178.7137558955,7510681.986167518,537059.3273366945,7500720.835645551,3.9550143185124966,full
533418.7666028601,7504511.129494435,Weeli_Wolli_Formation,715.2828359420237,155,0.6820239909269032,0.7313297996117343,529762.1176048014,7507921.24944907,537075.4156009187,7501101.009539801,12.543554634661149,full
527496.4746117699,7502647.560212822,Weeli_Wolli_Formation,685.0503149927252,301,0.9883794595552072,0.15200672330313747,526736.4409952542,7507589.457510598,528256.5082282856,7497705.662915045,26.074149446864666,full
523870.945712385,7502170.26538658,Weeli_Wolli_Formation,749.7717443554102,171,0.9829092105714612,0.1840909660298048,522950.490882236,7507084.811439437,524791.4005425341,7497255.719333722,13.229710908486808,full
519985.0720591949,7501672.912742423,Weeli_Wolli_Formation,728.667865683604,127,0.9937992032609978,0.1111896739711298,519429.12368933926,7506641.908758728,520541.02042905055,7496703.916726118,10.105950887287534,full
517718.81477603,7501047.941254555,Weeli_Wolli_Formation,526.7434548977868,228,0.9761454962471768,0.21711741099311466,516633.22772106447,7505928.668735791,518804.4018309956,7496167.2137733195,25.712238009782908,full
515124.487915005,7500533.91420749,Weeli_Wolli_Formation,779.0336293850429,474,0.9652909966821815,0.26117674422566844,513818.6041938767,7505360.3691909015,516430.37163613335,7495707.459224079,37.55600722764678,full
515510.22872833,7507756.93511328,Weeli_Wolli_Formation,503.400927914328,311,-0.9873951674896831,-0.15827439217391004,516301.6006891995,7502819.9592758315,514718.8567674605,7512693.910950729,38.29873153745254,full
518983.319499755,7508600.48432351,Weeli_Wolli_Formation,890.0628323108589,101,-0.9814631587276648,-0.19165090153796466,519941.5740074448,7503693.168529872,518025.0649920652,7513507.800117148,6.550739187671937,full
522165.145864585,7509041.525225463,Weeli_Wolli_Formation,688.8067060972543,277,-0.9646421770590518,-0.2635630289679737,523482.9610094249,7504218.314340168,520847.33071974514,7513864.736110759,23.797159739457953,full
524798.5644314501,7509492.065014158,Weeli_Wolli_Formation,681.8937756026182,247,-0.9999131725954582,-0.013177528982529168,524864.4520763628,7504492.499151181,524732.6767865374,7514491.630877135,21.303096465108396,full
529055.035170825,7510594.404529645,Weeli_Wolli_Formation,737.5451957655216,140,-0.9176922291326408,-0.39729204949201335,531041.495418285,7506005.9433839815,527068.5749233649,7515182.865675309,11.003565224130568,full
532673.18441653,7511808.991150855,Weeli_Wolli_Formation,839.0881410044922,54,-0.9021065257076714,-0.431513402197005,534830.751427515,7507298.458522317,530515.617405545,7516319.523779393,3.737312306544098,full
534820.8249658099,7512406.219417798,Weeli_Wolli_Formation,858.3259947665529,33,-0.9984544289514286,0.0555765535750186,534542.9421979348,7507413.947273041,535098.707733685,7517398.491562556,2.2464146288094327,full
538252.34643369,7511670.60894086,Weeli_Wolli_Formation,860.5363209238322,13,-0.9255583250967452,0.3786050539072448,536359.3211641539,7507042.817315376,540145.3717032262,7516298.400566344,0.8933279813319785,full
515870.2615266187,7494663.527539208,Jeerinah_Formation,2822.9576836252895,2788,0.8349902743337146,0.5502647015465448,513118.93801888596,7498838.478910876,518621.5850343514,7490488.576167539,-999.0,full
518441.1866021531,7494672.536355284,Jeerinah_Formation,4349.970497293561,4296,0.582197529640201,0.8130473765290971,514375.94971950765,7497583.524003485,522506.4234847986,7491761.548707083,-999.0,full
496699.545403685,7513103.22965329,Wittenoom_Formation,764.4332218105503,392,-0.9999999999999306,-3.7246805487173797e-07,496699.54726602527,7508103.22965329,496699.54354134476,7518103.22965329,30.914700838414205,full
500466.710831415,7512233.25324031,Wittenoom_Formation,1610.388429888089,357,-0.9526341788415033,0.3041185974303036,498946.1178442635,7507470.082346102,501987.30381856655,7516996.424134517,12.834355126273678,full
505541.28364992,7510700.05971102,Wittenoom_Formation,1354.2661966329874,336,-0.9767125209079608,0.21455221159805496,504468.52259192977,7505816.49710648,506614.0447079103,7515583.6223155605,14.38435639654844,full
509083.5652779045,7509839.915558679,Wittenoom_Formation,665.2623970846303,363,-0.9986157412341186,0.05259849198819032,508820.57281796355,7504846.836852509,509346.55773784546,7514832.994264849,33.152079069084145,full
515494.4628386981,7509816.7319759,Wittenoom_Formation,772.7005600426428,490,-0.9565770555652956,0.29147956492013244,514037.06501409743,7505033.846698074,516951.8606632988,7514599.617253726,39.433489227790254,full
519922.855516935,7510700.49570857,Wittenoom_Formation,1076.0922560665056,154,-0.9918754954299422,-0.12721242693073118,520558.9176515887,7505741.11823142,519286.7933822813,7515659.873185719,8.229833222826784,full
523048.0255426596,7511696.634111812,Wittenoom_Formation,1157.9640501583688,269,-0.863713942471405,-0.5039823663388459,525567.9373743539,7507378.064399456,520528.1137109654,7516015.203824169,13.453126678604804,full
524965.16076637,7513561.55955241,Wittenoom_Formation,1821.7176338899146,295,-0.6305966829919901,-0.7761107030569152,528845.7142816546,7510408.57613745,521084.60725108546,7516714.54296737,9.349467746804848,full
548011.594352125,7514041.38387348,Wittenoom_Formation,2088.584675320842,180,0.8944995767182451,0.4470687947630436,545776.2503783097,7518513.881757071,550246.9383259402,7509568.8859898895,4.958550058896634,full
546734.4959050771,7512737.346306195,Wittenoom_Formation,2357.40424492153,391,0.8194488717355133,0.5731522891966797,543868.7344590937,7516834.590664872,549600.2573510605,7508640.101947517,9.567960596807026,full
546239.663881355,7511670.246964795,Wittenoom_Formation,1936.4259190517594,349,0.2871475410412256,0.9578863657417708,541450.2320526461,7513105.984670001,551029.0957100638,7510234.509259588,10.405562405787549,full
544745.17500337,7510007.90110997,Wittenoom_Formation,1591.702830078788,240,0.6337277193415973,0.7735561891279119,540877.3940577304,7513176.539706678,548612.9559490096,7506839.262513262,8.691729479085552,full
543475.585569415,7506648.89978729,Wittenoom_Formation,1231.9119405180368,149,0.6137553138553573,0.7894963044336002,539528.104047247,7509717.676356567,547423.067091583,7503580.123218013,6.963373231740221,full
539825.725655455,7503342.89565691,Wittenoom_Formation,965.827450736545,231,0.8981602419073349,0.4396682611435096,537627.3843497374,7507833.696866446,542024.0669611726,7498852.094447373,13.849948123479919,full
536863.48003468,7503051.639916777,Wittenoom_Formation,763.8981751860025,64,0.613956885361886,0.7893395612261759,532916.7822285491,7506121.424343586,540810.1778408109,7499981.855489967,4.85423786785573,full
536043.5198349,7501279.869339115,Wittenoom_Formation,1402.1526056595999,65,0.9742977484076024,0.2252640615985521,534917.1995269073,7506151.358081153,537169.8401428928,7496408.380597077,2.6608562054703953,full
551514.991701645,7514643.91167525,Marra_Mamba_Iron_Formation,499.95291179887874,52,0.8822759090190587,0.4707326421277728,549161.328491006,7519055.291220346,553868.6549122839,7510232.532130155,6.018821541309322,full
549579.48904689,7514035.3809771715,Marra_Mamba_Iron_Formation,533.764796838171,22,0.8789586136917525,0.4768980555811403,547194.9987689843,7518430.17404563,551963.9793247958,7509640.587908713,2.4662873504287433,full
547648.1805171301,7513119.8855666565,Marra_Mamba_Iron_Formation,442.8951141150531,49,0.6547789048088288,0.7558204719490936,543869.0781573846,7516393.780090701,551427.2828768755,7509845.991042612,6.475357028373665,full
546973.72551538,7511865.50079739,Marra_Mamba_Iron_Formation,700.6571556182096,108,0.4326200822370846,0.9015763220300198,542465.8439052299,7514028.601208575,551481.6071255301,7509702.400386205,8.901416693750363,full
546752.8164036344,7510946.023322815,Marra_Mamba_Iron_Formation,865.603116301894,116,0.19985996702756356,0.9798244708006334,541853.6940496312,7511945.323157953,551651.9387576375,7509946.723487677,7.737394721481223,full
545485.38203424,7509678.63973698,Marra_Mamba_Iron_Formation,787.5563360918129,102,0.5309879442450189,0.8473793737556095,541248.485165462,7512333.579458205,549722.2789030181,7507023.700015755,7.493325464700817,full
544701.80103402,7508072.649383415,Marra_Mamba_Iron_Formation,354.84507953124114,35,0.3613122048048347,0.9324448995297626,540039.5765363713,7509879.210407439,549364.0255316688,7506266.08835939,5.814001934515943,full
543759.710701415,7506556.650541926,Marra_Mamba_Iron_Formation,284.01446418296376,39,0.4911390162353184,0.8710812055895844,539404.3046734671,7509012.345623102,548115.1167293629,7504100.95546075,7.9167313949381395,full
542312.325389705,7504441.649705864,Marra_Mamba_Iron_Formation,400.4479855310819,92,0.8308980675011519,0.5564246592512333,539530.2020934488,7508596.1400433695,545094.4486859612,7500287.159368358,13.386804191955221,full
540108.405348805,7503031.399133135,Marra_Mamba_Iron_Formation,410.61013229871605,104,0.8056063311875872,0.5924512124643475,537146.1492864833,7507059.430789073,543070.6614111267,7499003.367477196,14.673479510489486,full
537681.948548385,7502312.399273113,Marra_Mamba_Iron_Formation,934.2798269320677,136,0.8859012256497565,0.4638739251049354,535362.5789228602,7506741.905401362,540001.3181739097,7497882.893144865,8.391740326506905,full
537292.879904445,7501401.38938,Marra_Mamba_Iron_Formation,723.6858401390219,89,0.2678446876509041,0.9634621026782476,532475.5693910538,7502740.612818254,542110.1904178363,7500062.165941745,7.124603229502142,full
535353.253748695,7500746.86498995,Marra_Mamba_Iron_Formation,524.175135748856,52,0.9761649543069588,-0.21702991034162328,536438.4033004032,7505627.689761485,534268.1041969869,7495866.040218416,5.787908703302648,full
533683.3241944299,7500628.35952051,Marra_Mamba_Iron_Formation,450.5019049316882,118,0.9118764254106556,0.4104648398831315,531630.9999950143,7505187.741647563,535735.6483938455,7496068.977393457,15.196305458437848,full
531887.47881773,7500775.091123925,Marra_Mamba_Iron_Formation,315.38623448828884,133,0.9987770156355024,0.049441612415452224,531640.2707556527,7505768.976202102,532134.6868798073,7495781.206045747,25.108537496698062,full
528847.9180390306,7500747.11471531,Marra_Mamba_Iron_Formation,273.5121442071945,138,0.999967526246964,0.008058936128754643,528807.6233583868,7505746.952346545,528888.2127196745,7495747.277084075,30.468770449748,full
516670.05492576,7506264.455370065,Boolgeeda_Iron_Formation,471.9847736572856,233,-0.9779407652016172,-0.20888240652787296,517714.4669583994,7501374.751544056,515625.64289312065,7511154.159196073,29.71454178159494,full
520170.34400347,7506970.243337115,Boolgeeda_Iron_Formation,484.0865121880925,90,-0.996792227401136,-0.08003283946407236,520570.5082007903,7501986.282200109,519770.1798061496,7511954.204474121,10.780937564361338,full
525195.62039369,7507924.54934537,Boolgeeda_Iron_Formation,678.1300971737562,256,-0.9730265577299736,-0.2306931250647893,526349.0860190139,7503059.416556721,524042.154768366,7512789.68213402,22.23730175066126,full
530911.4760851,7509142.918847915,Boolgeeda_Iron_Formation,817.1220960133624,116,-0.9536285484100744,-0.3009860323292339,532416.4062467462,7504374.776105864,529406.5459234538,7513911.061589966,8.166429925500822,full
532383.3803470749,7506158.12940393,Boolgeeda_Iron_Formation,878.1825341900982,182,0.7804348336988491,0.6252371312945589,529257.1946906021,7510060.303572425,535509.5660035477,7502255.955235436,11.983033987958322,full
530140.3648564001,7505170.115017082,Boolgeeda_Iron_Formation,694.1532887954709,241,0.8881603673929528,0.4595336351045647,527842.6966808772,7509610.916854046,532438.0330319229,7500729.313180117,20.39535882693302,full
527933.9289082449,7504414.5679616,Boolgeeda_Iron_Formation,498.3551330337929,192,0.9755296873955038,0.21986775345655088,526834.5901409622,7509292.216398577,529033.2676755277,7499536.919524622,22.68759567248614,full
522214.16852937,7503671.00332208,Boolgeeda_Iron_Formation,389.62884253567944,13,0.9727404946696552,0.23189637778506805,521054.6866404446,7508534.705795428,523373.65041829535,7498807.300848732,1.9798928429974723,full
518678.03047062,7503031.214835975,Boolgeeda_Iron_Formation,426.33279604129535,145,0.9682425261635026,0.2500128207282954,517427.96636697854,7507872.427466793,519928.0945742615,7498190.002205158,19.928624465374696,full
514353.48555408,7508990.165782865,Mount_McRae_Shale_and_Mount_Sylvia_Formation,416.6282101422563,284,-0.9933973255802638,-0.114724685791591,514927.10898303794,7504023.179154964,513779.86212512205,7513957.152410766,43.01737198381619,full
517168.085129235,7509381.70641925,Mount_McRae_Shale_and_Mount_Sylvia_Formation,252.66848486267662,104,-0.943760302078254,-0.33063044660339863,518821.23736225197,7504662.904908859,515514.93289621803,7514100.507929641,24.366250005375974,full
512864.263618635,7500334.13572143,Weeli_Wolli_Formation,631.4726551924919,389,0.8853648700212299,0.4648968132094377,510539.77955258783,7504760.960071537,515188.7476846822,7495907.311371324,38.082010594221046,full
517219.69830309687,7501947.8478155425,Boolgeeda_Iron_Formation,1178.4671475514906,579,0.957494014935968,0.2884531354688325,515777.4326257527,7506735.317890222,518661.96398044104,7497160.377740863,29.475799168888905,full
515256.539485985,7501908.925061733,Boolgeeda_Iron_Formation,3681.8062620578935,2384,0.9965272383323048,-0.08326742017013326,515672.87658683566,7506891.561253395,514840.20238513435,7496926.288870072,40.36196077559386,full
515256.539485985,7501908.925061733,Boolgeeda_Iron_Formation,633.6647635198007,410,0.9965272383323048,-0.08326742017013326,515672.87658683566,7506891.561253395,514840.20238513435,7496926.288870072,40.36196077559386,full
500058.523877035,7507910.266475875,Weeli_Wolli_Formation,1408.9163651732365,356,-0.9999170018131441,0.01288369065963191,499994.10542373685,7502910.6814668095,500122.9423303332,7512909.85148494,14.64333050969033,full
506280.134098275,7507221.32324565,Weeli_Wolli_Formation,871.6413978199378,197,-0.995518533532666,0.09456663995812638,505807.30089848436,7502243.730577987,506752.9672980656,7512198.915913314,13.08771223656268,full
509322.98956052,7507201.85972333,Weeli_Wolli_Formation,419.14939508438925,205,-0.999883689748968,0.015251458093886975,509246.73227005056,7502202.441274584,509399.2468509894,7512201.278172075,29.341073834077754,full
512074.41380749573,7507480.304599375,Weeli_Wolli_Formation,543.5397683115351,360,-0.98449767546969,-0.1753976253966304,512951.4019344789,7502557.816222027,511197.42568051256,7512402.792976724,41.48909543384111,full
511456.565639755,7501866.128998555,Boolgeeda_Iron_Formation,556.9904532577915,312,0.8806559717004334,0.4737563292541488,509087.7839934842,7506269.408857058,513825.34728602576,7497462.849140053,34.13832100723689,full
511456.565639755,7501866.128998555,Boolgeeda_Iron_Formation,556.9904532577915,312,0.8806559717004334,0.4737563292541488,509087.7839934842,7506269.408857058,513825.34728602576,7497462.849140053,34.13832100723689,full
509254.5553137828,7501233.689001332,Boolgeeda_Iron_Formation,621.3949712489248,182,0.9962490178194732,0.08653262098038582,508821.8922088809,7506214.934090429,509687.21841868473,7496252.443912235,17.10080663492053,full
509254.5553137828,7501233.689001332,Boolgeeda_Iron_Formation,621.3949712489248,182,0.9962490178194732,0.08653262098038582,508821.8922088809,7506214.934090429,509687.21841868473,7496252.443912235,17.10080663492053,full
504816.428952755,7501011.051775794,Boolgeeda_Iron_Formation,480.91858717241166,34,0.9996641099741632,0.02591654354971705,504686.8462350064,7506009.372325664,504946.0116705036,7496012.731225923,4.090348345550652,full
504816.428952755,7501011.051775794,Boolgeeda_Iron_Formation,480.91858717241166,34,0.9996641099741632,0.02591654354971705,504686.8462350064,7506009.372325664,504946.0116705036,7496012.731225923,4.090348345550652,full
501994.93405143,7500784.27445199,Boolgeeda_Iron_Formation,570.9850057525267,127,0.9475211205140632,0.3196931750597345,500396.46817613137,7505521.88005456,503593.3999267287,7496046.66884942,12.853106757906929,full
501994.93405143,7500784.27445199,Boolgeeda_Iron_Formation,570.9850057525267,127,0.9475211205140632,0.3196931750597345,500396.46817613137,7505521.88005456,503593.3999267287,7496046.66884942,12.853106757906929,full
501289.6501405287,7499214.341109373,Boolgeeda_Iron_Formation,834.9083247234589,252,0.9239748789508788,0.38245316454137057,499377.3843178218,7503834.215504127,503201.91596323554,7494594.466714619,17.57280069093521,full
500153.40525308,7498822.74031741,Boolgeeda_Iron_Formation,1301.6279081617042,483,0.7308403517686038,0.6825484453331816,496740.6630264141,7502476.942076253,503566.1474797459,7495168.538558567,21.786732968081452,full
498924.1634655,7498002.230345597,Boolgeeda_Iron_Formation,1651.3770305818089,739,0.9399265966674238,0.3413766144263458,497217.2803933683,7502701.863328934,500631.0465376317,7493302.597362259,26.601360812380364,full
498442.6385981178,7497259.439485827,Boolgeeda_Iron_Formation,2657.6887074368433,1249,0.9416644903341348,0.3365530978073948,496759.8731090808,7501967.761937498,500125.4040871548,7492551.117034157,28.03190623019939,full
493922.49514366,7505307.691543925,Boolgeeda_Iron_Formation,525.2639014636418,313,-0.9901416502877878,-0.14006966968396867,494622.8434920798,7500356.983292486,493222.1467952402,7510258.399795364,36.59173309205908,full
496847.475105585,7505282.225293345,Boolgeeda_Iron_Formation,372.97482195666834,112,-0.9868881052339464,0.16140590989103065,496040.44555612985,7500347.784767175,497654.50465504016,7510216.665819515,17.621268172380383,full
500163.52039180003,7505054.013892045,Boolgeeda_Iron_Formation,613.0183900303324,70,-0.9809992664226465,0.19401144110136745,499193.4631862932,7500149.017559932,501133.57759730687,7509959.010224159,6.628660078877928,full
503124.1268458218,7505103.088527923,Boolgeeda_Iron_Formation,3582.479471404547,317,-0.9999836760289612,0.0057138144531749405,503095.5577735559,7500103.1701477785,503152.6959180877,7510103.006908068,5.084925633301452,full
503124.1268458218,7505103.088527923,Boolgeeda_Iron_Formation,505.5935899942709,44,-0.9999836760289612,0.0057138144531749405,503095.5577735559,7500103.1701477785,503152.6959180877,7510103.006908068,5.084925633301452,full
506200.444865275,7505182.06548608,Boolgeeda_Iron_Formation,3566.706317684328,460,-0.9995479710297626,0.03006415823343866,506050.1240741078,7500184.325630931,506350.7656564422,7510179.805341229,7.411472578953976,full
506200.444865275,7505182.06548608,Boolgeeda_Iron_Formation,651.2435909513903,84,-0.9995479710297626,0.03006415823343866,506050.1240741078,7500184.325630931,506350.7656564422,7510179.805341229,7.411472578953976,full
508809.390131655,7505273.85410469,Boolgeeda_Iron_Formation,3432.7828553957033,1166,-0.9872878682526738,-0.1589423329421423,509604.1017963657,7500337.414763427,508014.67846694426,7510210.293445953,19.868179267697826,full
508809.390131655,7505273.85410469,Boolgeeda_Iron_Formation,612.9837915765319,208,-0.9872878682526738,-0.1589423329421423,509604.1017963657,7500337.414763427,508014.67846694426,7510210.293445953,19.868179267697826,full
509886.129717995,7505928.864605915,Boolgeeda_Iron_Formation,3821.7400088802774,1892,-0.9759734010097052,-0.21788969806199907,510975.578208305,7501048.9976008665,508796.681227685,7510808.731610963,29.67920029293588,full
509886.129717995,7505928.864605915,Boolgeeda_Iron_Formation,671.5693368683143,332,-0.9759734010097052,-0.21788969806199907,510975.578208305,7501048.9976008665,508796.681227685,7510808.731610963,29.67920029293588,full
512717.83867459,7506304.8998131035,Boolgeeda_Iron_Formation,623.0961329350711,418,-0.9986301358328828,-0.052324485725119496,512979.4611032156,7501311.749133939,512456.2162459644,7511298.050492268,42.22559391339422,full
513249.4639588097,7501274.177590145,Woongarra_Rhyolite,1224.5972142486075,810,0.8048553908546632,0.5934709763856927,510282.1090768812,7505298.4545444185,516216.81884073815,7497249.900635871,41.439183237371644,full
511025.5146192,7500156.358692605,Woongarra_Rhyolite,1412.5873768630909,670,0.8883238305924777,0.4592175649967095,508729.4267942165,7504597.977845567,513321.60244418355,7495714.739539643,28.33884779991454,full
507647.414833325,7499894.58614633,Woongarra_Rhyolite,1307.3959385864205,169,0.9587344181978442,0.2843032102577132,506225.89878203644,7504688.25823732,509068.9308846136,7495100.914055341,7.430866578803133,full
505311.60925399,7498834.794932225,Woongarra_Rhyolite,2201.0132753906064,186,0.9911417990341109,0.1328078845830543,504647.56983107474,7503790.503927396,505975.64867690526,7493879.085937054,4.853089798574686,full
503027.560336875,7497949.7661014935,Woongarra_Rhyolite,2988.1554996528794,582,0.850918038223818,0.5252984791766766,500401.0679409916,7502204.356292613,505654.05273275834,7493695.175910374,11.238745307301983,full
503042.810321605,7496485.75509574,Woongarra_Rhyolite,3711.8155710694436,756,0.6355956160117525,0.7720221583002917,499182.69953010353,7499663.733175798,506902.9211131065,7493307.777015681,11.764259918495995,full
499773.48278679,7496374.21932852,Woongarra_Rhyolite,2163.0864717217737,849,0.9993607794545976,0.035749580247875015,499594.7348855506,7501371.023225793,499952.2306880294,7491377.415431247,23.132121714970125,full
496969.799978985,7495954.694302958,Woongarra_Rhyolite,2449.301733486096,1198,0.8316408419081027,0.5553138842766152,494193.2305576019,7500112.898512499,499746.3694003681,7491796.4900934175,29.301254459830695,full
516322.604808275,7507418.20076193,Woongarra_Rhyolite,1201.6361621478275,631,-0.9847716971796916,-0.17385253646073126,517191.8674905787,7502494.342276032,515453.34212597134,7512342.059247828,31.695133770590452,full
519268.974720965,7507737.729592253,Woongarra_Rhyolite,846.2649583446799,43,-0.9956173474233028,-0.09352057265536053,519736.5775842418,7502759.642855137,518801.37185768824,7512715.81632937,2.928550274272723,full
522971.6853511951,7508451.775716385,Woongarra_Rhyolite,909.1590210983326,388,-0.9965312293935528,-0.08321964217283208,523387.7835620593,7503469.119569417,522555.5871403309,7513434.431863353,25.305834840747508,full
526727.375364575,7509152.840125277,Woongarra_Rhyolite,869.4126649511588,260,-0.9701632846727872,-0.2424524717813957,527939.637723482,7504302.023701913,525515.1130056679,7514003.656548641,17.421369142663963,full
530789.710041345,7510361.201414354,Woongarra_Rhyolite,1199.0895308876773,148,-0.9630248984546808,-0.2694124068344886,532136.7720755175,7505546.0769220805,529442.6480071725,7515176.325906628,7.103544869325702,full
535358.165191375,7511508.46551056,Woongarra_Rhyolite,1289.1105124854114,36,-0.9946191143304752,0.10359931181461128,534840.1686323019,7506535.369938908,535876.161750448,7516481.561082212,1.6225826255091533,full
538799.5795229101,7510219.18447713,Woongarra_Rhyolite,3981.115607916957,131,-0.4930847421198844,0.8699812854818011,534449.673095501,7507753.76076653,543149.4859503191,7512684.6081877295,1.887493956151772,full
538383.2706116249,7507782.420630463,Woongarra_Rhyolite,2489.732579258024,201,0.7433014923947387,0.6689565691461249,535038.4877658943,7511498.928092437,541728.0534573556,7504065.91316849,4.640691787786395,full
536180.22988458,7506452.66431885,Woongarra_Rhyolite,2366.6882424138175,127,0.9787295750370664,0.20515462204825813,535154.4567743387,7511346.312194035,537206.0029948213,7501559.016443665,3.0945576389954397,full
532758.95622807,7504909.625556445,Woongarra_Rhyolite,1236.7518003475736,307,0.8370777360976616,0.5470839640581814,530023.5364077791,7509095.014236933,535494.3760483608,7500724.236875957,14.400850774576426,full
529465.030992895,7503846.09146256,Woongarra_Rhyolite,867.3380764477623,371,0.9677173843470211,0.25203782262303337,528204.8418797798,7508684.678384295,530725.2201060102,7499007.504540825,25.325815628191748,full
526370.01458225,7503200.79496726,Woongarra_Rhyolite,925.6522512792797,341,0.9750742397003384,0.2218788567502708,525260.6202984987,7508076.166165762,527479.4088660014,7498325.423768759,21.626434424512155,full
521470.515549275,7502631.98559797,Woongarra_Rhyolite,873.1868963194461,59,0.9813635527178679,0.19216029089529485,520509.7140947985,7507538.803361559,522431.31700375146,7497725.167834381,3.878595722734204,full
517555.1632904528,7501548.296126294,Woongarra_Rhyolite,1178.9264903439657,522,0.962846185958352,0.2700504067492848,516204.91125670634,7506362.527056086,518905.41532419925,7496734.065196502,26.331314657959943,full
515826.39969991,7501387.426051308,Woongarra_Rhyolite,4696.800238473788,2889,0.9990087957538484,0.04451321159437485,515603.83364193817,7506382.470030078,516048.9657578819,7496392.382072539,37.96124540112964,full
515826.39969991,7501387.426051308,Woongarra_Rhyolite,453.5110901586446,278,0.9990087957538484,0.04451321159437485,515603.83364193817,7506382.470030078,516048.9657578819,7496392.382072539,37.96124540112964,full
514169.1471010231,7500920.046608686,Woongarra_Rhyolite,862.2107404408201,559,0.8276227771006934,0.5612847217091659,511362.72349247726,7505058.16049419,516975.570709569,7496781.932723183,40.41617591455737,full
496529.528379775,7506238.724537215,Woongarra_Rhyolite,946.6809497227097,438,-0.9862268187701144,0.1653984943661214,495702.5359079444,7501307.590443364,497356.52085160563,7511169.858631066,27.62293202527018,full
499245.12601655,7506365.510247265,Woongarra_Rhyolite,1393.6632946645323,310,-0.936204307231413,-0.3514562492279088,501002.40726268955,7501684.4887111075,497487.84477041045,7511046.531783422,12.884009209690944,full
501780.6613147597,7506492.74873761,Woongarra_Rhyolite,1427.9235408290426,150,-0.9780905312782016,-0.20818000053781585,502821.5613174488,7501602.296081219,500739.7613120706,7511383.201394001,6.05988533011336,full
504063.8197047151,7506546.049081803,Woongarra_Rhyolite,1409.2565095533278,132,-0.9952207579456872,0.09765061676206734,503575.5666209048,7501569.945292075,504552.07278852543,7511522.152871531,5.385619551979673,full
508662.51039248,7506721.594011455,Woongarra_Rhyolite,1461.20467313818,609,-0.99867121306078,-0.051534534088418,508920.1830629221,7501728.237946151,508404.8377220379,7511714.950076759,24.66989469099518,full
513203.0667091723,7507101.72579603,Woongarra_Rhyolite,706.3999839008283,482,-0.9513283186021776,-0.3081792177054666,514743.9627976996,7502345.084203019,511662.17062064493,7511858.367389041,43.088087303679565,full
509895.350334515,7499204.354771085,Weeli_Wolli_Formation,1140.4910998471773,382,0.9899846674922012,0.14117492033061654,509189.4757328619,7504154.2781085465,510601.22493616806,7494254.431433624,19.57286327831143,full
507610.67531594,7498860.575661895,Weeli_Wolli_Formation,983.7419574516102,116,0.92111766765665,0.389284269308141,505664.2539693993,7503466.164000178,509557.0966624807,7494254.987323612,6.804430483119745,full
506410.600634225,7497915.560032645,Weeli_Wolli_Formation,1570.3972195262888,121,0.9905001609362178,0.1375115674600753,505723.04279692465,7502868.060837327,507098.15847152536,7492963.059227964,4.435007147114078,full
499499.0035954602,7495783.075719416,Weeli_Wolli_Formation,592.0636702691219,234,0.963029935766353,0.2693944001234138,498152.03159484314,7500598.225398248,500845.9755960773,7490967.926040584,23.323077811654017,full
503244.7479117214,7494653.1970998375,Weeli_Wolli_Formation,2343.3802860014935,2314,0.8652608555304823,0.501321904455269,500738.1383894451,7498979.50137749,505751.35743399773,7490326.892822185,-999.0,full
521458.64038135525,7500685.091314265,Mount_McRae_Shale_and_Mount_Sylvia_Formation,374.9282314797966,31,0.9765376711897582,0.21534664322269728,520381.9071652418,7505567.779670213,522535.3735974687,7495802.402958316,4.89129762571099,full
519145.07776546635,7499686.477494253,Mount_McRae_Shale_and_Mount_Sylvia_Formation,380.2185835587822,83,0.7896118192604253,0.6136066939695503,516077.0442956186,7503634.536590555,522213.1112353141,7495738.418397951,12.631393795757944,full
517233.5405401078,7498279.50996512,Mount_McRae_Shale_and_Mount_Sylvia_Formation,715.017556692827,218,0.7955210593817061,0.6059259394350173,514203.9108429327,7502257.115262029,520263.17023728293,7494301.904668211,17.785585991245966,full
519931.834325765,7499583.206071265,Wittenoom_Formation,618.7551079914712,94,0.8944169403802771,0.4472340961518744,517695.6638450057,7504055.290773166,522168.0048065244,7495111.121369364,8.75457128093268,full
517829.94979301,7497980.185686345,Wittenoom_Formation,601.8482755190034,140,0.7389255553121254,0.6737870759421458,514461.0144132993,7501674.813462906,521198.88517272077,7494285.557909785,13.521787694308259,full
547723.4998818999,7510258.386076465,Jeerinah_Formation,1182.6332479234102,104,0.5183419587243523,0.8551734407860211,543447.6326779698,7512850.095870087,551999.3670858301,7507666.676282844,5.055642048671956,full
546873.6140860349,7509413.395227245,Jeerinah_Formation,1348.2747002175006,133,0.3262405884702563,0.9452867704747491,542147.1802336612,7511044.598169596,551600.0479384087,7507782.192284894,5.702257927401661,full
546616.66003534,7507546.65083485,Jeerinah_Formation,2081.9519544310106,217,0.08447180127899015,0.9964258701924008,541634.530684378,7507969.009841245,551598.789386302,7507124.291828455,5.992099300898985,full
545857.2696210849,7506341.651893125,Jeerinah_Formation,1913.525574015515,276,0.3732977045490506,0.9277116059306416,541218.7115914318,7508208.140415871,550495.8276507381,7504475.163370379,8.30191505028975,full
544613.460040075,7504232.160283315,Jeerinah_Formation,1774.097964959441,426,0.540589603965627,0.8412864435400623,540407.0278223747,7506935.108303143,548819.8922577753,7501529.212263487,13.91610351301486,full
542447.245679745,7502067.14980079,Jeerinah_Formation,2081.289778180879,625,0.775067728276628,0.6318781659339934,539287.854850075,7505942.488442172,545606.636509415,7498191.811159407,17.487190215752577,full
539679.58405867,7500468.63871664,Jeerinah_Formation,2259.3813286769496,556,0.8885234002837039,0.4588313057631148,537385.4275298544,7504911.255718059,541973.7405874856,7496026.021715221,14.251635680529517,full
538071.934512935,7499414.38072341,Jeerinah_Formation,2369.9501871387,386,0.9487189540119444,0.3161207780239728,536491.3306228152,7504157.97549347,539652.5384030548,7494670.78595335,9.392874742574918,full
535593.0148599751,7499014.116222625,Jeerinah_Formation,1707.1495142025988,132,0.9979609476619218,0.0638274779520459,535273.8774702149,7504003.920960934,535912.1522497353,7494024.311484315,4.459736026149301,full
533100.78135957,7499222.09035308,Jeerinah_Formation,1375.6414177978393,425,0.959764687310129,-0.280805528778353,534504.8090034617,7504020.913789631,531696.7537156782,7494423.266916529,18.00540884233699,full
530809.596352625,7499457.575160565,Jeerinah_Formation,1264.1327433915,582,0.9727058579770391,-0.23204162095872416,531969.8044574186,7504321.10445045,529649.3882478315,7494594.045870679,27.439186213329968,full
529823.34097695,7499541.0708277365,Jeerinah_Formation,1451.0918836258088,707,0.8320758030030011,0.5546619313211525,527050.0313203443,7503701.449842752,532596.6506335557,7495380.691812721,29.16045180835355,full
527008.665539415,7499237.535570135,Jeerinah_Formation,998.4946783068469,434,0.9889499452712472,0.14824980859345904,526267.4164964476,7504182.285296491,527749.9145823823,7494292.785843779,25.826899733117358,full
525036.1381954451,7498956.5096633965,Jeerinah_Formation,1289.1428920570702,420,0.9750480318840478,0.22199399883565546,523926.1682012668,7503831.749822817,526146.1081896233,7494081.269503976,19.043672107684714,full
554873.6769496349,7514690.88029036,Jeerinah_Formation,2260.9988105259354,495,0.7448712932838791,0.6672081807364184,551537.6360459528,7518415.236756779,558209.717853317,7510966.523823941,12.654606572007353,full
551721.140040415,7513078.6253788965,Jeerinah_Formation,1533.205101224246,116,0.97565840604328,0.21929586114901034,550624.6607346699,7517956.917409113,552817.6193461601,7508200.33334868,4.372281008921931,full
549638.655827145,7512446.874801383,Jeerinah_Formation,1592.3029091943824,55,0.7587990637410351,0.6513247890766393,546382.0318817617,7516240.870120089,552895.2797725282,7508652.879482678,1.9913383020356292,full
548353.033844215,7510917.1341405315,Jeerinah_Formation,1683.4897309598473,120,0.5934776152683373,0.8048504955427482,544328.7813665012,7513884.522216873,552377.2863219287,7507949.74606419,4.103007225483978,full
511339.304853575,7508141.13006478,Brockman_Iron_Formation,788.3968042228228,512,-0.980527590878324,-0.19638137265624375,512321.2117168562,7503238.492110388,510357.3979902938,7513043.768019171,40.57911207618495,full
514837.516775205,7508638.17428134,Brockman_Iron_Formation,976.6228442528985,650,-0.9864030115653116,-0.16434445160967134,515659.23903325334,7503706.159223514,514015.7945171566,7513570.1893391665,41.79325504907972,full
517705.7179224622,7509322.310538673,Brockman_Iron_Formation,1015.304102011252,364,-0.9410302676081091,-0.3383223838964998,519397.3298419447,7504617.159200632,516014.10600297974,7514027.461876714,21.051297893036576,full
520225.2446093901,7500853.469982957,Brockman_Iron_Formation,845.5216240601172,137,0.9771630317314244,0.21249096314302784,519162.78979367495,7505739.285141613,521287.69942510524,7495967.6548243,9.359260214134267,full
518769.7040157268,7499648.129060768,Brockman_Iron_Formation,1772.4109538671337,417,0.9490631949403148,0.315085785159664,517194.2750899285,7504393.445035469,520345.13294152514,7494902.813086066,13.608732323598758,full
519606.1003523519,7509314.451171485,Brockman_Iron_Formation,564.5426705959298,76,-0.9907255950351528,-0.13587786921438744,520285.48969842383,7504360.823196309,518926.71100628,7514268.079146661,7.767190598836308,full
522397.105178225,7509820.312553835,Brockman_Iron_Formation,721.9610482735103,257,-0.978390558051897,-0.20676536439862808,523430.9320002182,7504928.359763576,521363.27835623187,7514712.2653440945,20.85393870353691,full
524169.22035638,7510545.556156065,Brockman_Iron_Formation,1486.155711745892,492,-0.6991837733018557,-0.7149419914590128,527743.9303136751,7507049.637289556,520594.51039908495,7514041.475022575,19.352821734568877,full
524889.9502847551,7510980.825397599,Brockman_Iron_Formation,1495.9198069732786,457,-0.992834081938596,-0.1195009863605534,525487.4552165578,7506016.654987905,524292.4453529523,7515944.995807292,17.79295710760117,full
525724.3209396501,7511817.981949217,Brockman_Iron_Formation,2635.902491288463,655,-0.6332632003682407,-0.7739365084161448,529594.0034817308,7508651.665947376,521854.63839756936,7514984.297951058,14.393499541847476,full
527376.5393743899,7512291.129500495,Brockman_Iron_Formation,2284.9977594461284,472,-0.9999874187809198,0.005016201737714403,527351.4583657014,7507291.192406591,527401.6203830785,7517291.0665943995,11.924854691115627,full
529311.865251425,7512678.4401591765,Brockman_Iron_Formation,1873.2006985477447,293,-0.9013734631998264,-0.4330425843253192,531477.0781730516,7508171.572843177,527146.6523297983,7517185.307475176,9.015753921822068,full
529701.175250015,7514482.70485118,Brockman_Iron_Formation,4908.168420495105,565,-0.4234163882772497,-0.9059351864997016,534230.8511825135,7512365.622909794,525171.4993175165,7516599.786792567,6.614820812531406,full
530320.9103185651,7514688.720137135,Brockman_Iron_Formation,3543.293234944497,353,-0.91349603400761,-0.4068476322314867,532355.1484797226,7510121.2399670975,528286.6721574076,7519256.200307173,5.7243057969088085,full
530839.1586871501,7514815.489428575,Brockman_Iron_Formation,3532.11824623832,278,-0.8448473025646018,-0.5350075096195529,533514.1962352479,7510591.252915752,528164.1211390523,7519039.725941398,4.514842402939863,full
541817.8749971499,7512739.175399181,Brockman_Iron_Formation,3006.110288924104,339,-0.658482549666799,0.7525959950626309,538054.8950218367,7509446.762650847,545580.8549724631,7516031.588147515,6.487453716935505,full
542864.76497998,7511004.91016771,Brockman_Iron_Formation,3151.5341372480098,493,-0.18703325224930714,0.982353583264726,537952.9970636563,7510069.7439064635,547776.5328963036,7511940.076428956,9.007215126236844,full
542349.0645005701,7508801.410398515,Brockman_Iron_Formation,3406.6728433756202,372,0.5735736006237799,0.8191540298792851,538253.2943511737,7511669.278401634,546444.8346499664,7505933.542395396,6.2844328112194034,full
541755.235083645,7506394.9068234665,Brockman_Iron_Formation,1901.9434150086213,250,0.489904244157763,0.8717762508558095,537396.3538293659,7508844.428044255,546114.116337924,7503945.385602678,7.555644598622251,full
539364.350075415,7504504.1499931635,Brockman_Iron_Formation,1780.2581759684363,345,0.9437528667847724,0.3306516693372705,537711.0917287286,7509222.914327088,541017.6084221014,7499785.385659239,11.181053398815308,full
536473.479060825,7504097.894894901,Brockman_Iron_Formation,1584.561812690502,114,0.9970059552948533,0.07732480266122405,536086.8550475189,7509082.924671375,536860.1030741311,7499112.865118426,4.145588850782062,full
535082.714961725,7502582.134707665,Brockman_Iron_Formation,2559.6076570090336,246,0.7809280914517385,0.6246209378347359,531959.6102725514,7506486.775164924,538205.8196508987,7498677.4942504065,5.525051242070134,full
532483.2647292055,7501852.295064302,Brockman_Iron_Formation,2556.550920692865,952,0.9585373230821076,-0.2849670160888573,533908.0998096497,7506644.981679712,531058.4296487613,7497059.608448892,21.88152888622716,full
528878.9955999351,7501785.065531434,Brockman_Iron_Formation,1067.9382610827095,535,0.9978197139149678,0.06599862515728408,528549.0024741486,7506774.164101008,529208.9887257215,7496795.966961859,30.093744188434968,full
494756.09007493,7512447.449387725,Brockman_Iron_Formation,4215.557149163065,2731,-0.9974804562926436,0.07094180230456107,494401.38106340717,7507460.047106262,495110.7990864528,7517434.851669189,40.383710822620245,full
497533.14549996,7511574.72484967,Brockman_Iron_Formation,3973.782112606524,1980,-0.8944642135725479,0.4471395426911415,495297.4477865043,7507102.403781807,499768.8432134157,7516047.045917533,29.891494851012013,full
499727.855846035,7510285.00052973,Brockman_Iron_Formation,3371.5596719367086,1061,-0.7059793273311084,0.7082324402208048,496186.69364493096,7506755.103893074,503269.01804713905,7513814.897166385,18.343260517019147,full
500790.634000755,7510052.260218805,Brockman_Iron_Formation,2281.682162886425,457,-0.9384624201795352,0.3453813630043893,499063.72718573303,7505359.948117907,502517.5408157769,7514744.572319702,11.57541185229202,full
503716.61461882,7508778.289990195,Brockman_Iron_Formation,1245.3002779010183,115,-0.9579706339312066,0.2868662833541825,502282.2832020491,7503988.436820539,505150.94603559095,7513568.143159851,5.332578471312601,full
505562.904741005,7509145.313950445,Brockman_Iron_Formation,1904.847407711411,441,-0.9876775908054396,-0.1565023214548688,506345.41634827934,7504206.925996417,504780.3931337306,7514083.701904472,13.392393434223294,full
507247.23996313,7508810.830310235,Brockman_Iron_Formation,1648.7706168338639,600,-0.994552590400525,0.10423600590777288,506726.0599335911,7503838.067358232,507768.41999266885,7513783.5932622375,21.361151190923408,full
508067.784548125,7509134.5906250635,Brockman_Iron_Formation,2150.30059664095,984,-0.9135989329787044,0.4066165142492039,506034.701976879,7504566.59596017,510100.867119371,7513702.585289957,27.246984824782288,full
514189.6315206781,7498407.239941485,Brockman_Iron_Formation,2382.39133025009,1182,0.7591118134925117,0.6509602557884085,510934.8302417361,7502202.799008948,517444.43279962015,7494611.680874023,29.761374108952545,full
512354.3584663454,7497802.337945906,Brockman_Iron_Formation,1963.32933535957,782,0.870676654379359,0.4918558361133535,509895.07928577863,7502155.721217804,514813.6376469122,7493448.954674009,23.49727368246522,full
510659.5708329768,7496977.455500487,Brockman_Iron_Formation,3422.8086638085865,776,0.5808421967282476,0.8140161807359259,506589.4899292971,7499881.666484129,514729.65173665644,7494073.244516846,13.116635107220404,full
508895.639642955,7496434.0801063115,Brockman_Iron_Formation,2703.8696409241034,250,0.9974539747447568,-0.07131317035363313,509252.20549472317,7501421.349980035,508539.0737911868,7491446.810232588,5.3253393871144965,full
507476.129658965,7495699.800869915,Brockman_Iron_Formation,3091.3499654253087,173,0.6730255566572881,0.739619226417315,503778.0335268784,7499064.928653201,511174.2257910516,7492334.673086628,3.2221590049948645,full
520386.50884253,7509712.245093915,Mount_McRae_Shale_and_Mount_Sylvia_Formation,270.9411782578027,62,-0.971928962588431,-0.2352745028297297,521562.88135667867,7504852.600280972,519210.13632838137,7514571.889906857,13.43147594407894,full
524755.3354251201,7511523.313735873,Mount_McRae_Shale_and_Mount_Sylvia_Formation,611.8529602372134,166,-0.7681999273073264,-0.6402100215437261,527956.3855328388,7507682.314099337,521554.28531740146,7515364.31337241,15.789550964700709,full
527276.455788035,7512710.6300216885,Mount_McRae_Shale_and_Mount_Sylvia_Formation,435.127959573756,86,-0.9642607156965683,-0.2649552267164048,528601.2319216169,7507889.326443206,525951.679654453,7517531.9336001715,11.492264106203521,full
529601.755307695,7513848.94875972,Mount_McRae_Shale_and_Mount_Sylvia_Formation,524.6943746069077,67,-0.2425731280762393,-0.9701331236151604,534452.4209257708,7512636.083119338,524751.0896896193,7515061.814400101,7.348221183759392,full
530103.56620433,7515415.22122853,Mount_McRae_Shale_and_Mount_Sylvia_Formation,389.1057608736173,31,0.045509397810235566,-0.9989639106148678,535098.3857574043,7515642.768217581,525108.7466512556,7515187.674239478,4.632817998899938,full
546330.2904178,7514950.144629438,Mount_McRae_Shale_and_Mount_Sylvia_Formation,338.3105688522108,57,0.9283604853145248,0.37168105857923417,544471.8851249038,7519591.947056011,548188.6957106962,7510308.3422028655,9.764979956703186,full
544580.33328905,7513408.153848745,Mount_McRae_Shale_and_Mount_Sylvia_Formation,571.50297004382,125,0.2426255587557933,0.9701200122863349,539729.7332276184,7514621.281642524,549430.9333504817,7512195.026054966,12.716221716706485,full
543901.08804072,7511656.784924185,Mount_McRae_Shale_and_Mount_Sylvia_Formation,889.7301326391906,176,0.7636645852619158,0.6456131978334599,540673.0220515527,7515475.107850495,547129.1540298873,7507838.461997875,11.448290023320297,full
543319.79955682,7509442.898127335,Mount_McRae_Shale_and_Mount_Sylvia_Formation,437.5129892299437,60,0.14824995249677764,0.9889499236992252,538375.0499383238,7510184.147889819,548264.5491753161,7508701.648364851,7.8876548326412745,full
542512.0910386499,7507436.155545975,Mount_McRae_Shale_and_Mount_Sylvia_Formation,356.1354328255433,34,0.2801734453794973,0.9599493947621309,537712.3440648393,7508837.022772873,547311.8380124605,7506035.288319077,5.530842858288295,full
540443.9244456999,7504756.14491272,Mount_McRae_Shale_and_Mount_Sylvia_Formation,347.462085724778,71,0.8662507982348943,0.4996094019906039,537945.8774357468,7509087.398903894,542941.971455653,7500424.890921545,11.851306405293457,full
537274.39743375,7503532.395568175,Mount_McRae_Shale_and_Mount_Sylvia_Formation,491.8582119192135,61,0.9990537414881896,0.04349277662381944,537056.9335506309,7508527.664275616,537491.861316869,7498537.126860734,7.157803799396007,full
535769.1698643051,7502712.38389009,Mount_McRae_Shale_and_Mount_Sylvia_Formation,429.16430453585417,23,0.5300389339610813,0.8479733064698444,531529.3033319558,7505362.578559895,540009.0363966543,7500062.189220284,3.173825883531265,full
532704.3040526612,7501621.214975067,Mount_McRae_Shale_and_Mount_Sylvia_Formation,245.19192831833794,84,0.9978080391917252,-0.06617489648170836,533035.1785350697,7506610.255171026,532373.4295702527,7496632.174779109,20.28112704814032,full
509863.94871722,7495287.338555303,Marra_Mamba_Iron_Formation,455.093139983157,33,0.8138792180502723,0.5810340940305289,506958.77824706736,7499356.734645555,512769.1191873726,7491217.942465052,4.221393110886126,full
515199.826463755,7497355.4038254535,Marra_Mamba_Iron_Formation,431.7980819392946,152,0.7834892423866341,0.6214053484356394,512092.7997215768,7501272.850037387,518306.8532059332,7493437.95761352,20.708206861132666,full
513290.735181785,7496423.87540899,Marra_Mamba_Iron_Formation,433.38217483808614,115,0.8556170468815596,0.5176093788617813,510702.68828747614,7500701.960643398,515878.7820760939,7492145.790174583,15.522019054638491,full
514843.0698655535,7498021.056782965,Mount_McRae_Shale_and_Mount_Sylvia_Formation,303.5722012912493,128,0.8312657929053496,0.5558751492425619,512063.69411934074,7502177.385747491,517622.4456117663,7493864.727818438,25.1258435714184,full
516761.3790692386,7498020.796989593,Marra_Mamba_Iron_Formation,588.2441451007328,193,0.5718587109844903,0.8203521284614049,512659.61842693156,7500880.090544515,520863.13971154566,7495161.50343467,19.228446043464544,full
495153.104617685,7512713.96063763,Mount_McRae_Shale_and_Mount_Sylvia_Formation,305.35452475922955,186,-0.979616416058672,0.20087726946661555,494148.71827035194,7507815.8785573365,496157.4909650181,7517612.042717923,37.69999983359174,full
498124.758835835,7511777.226849645,Mount_McRae_Shale_and_Mount_Sylvia_Formation,435.31053960401863,193,-0.9304200340886573,0.3664949660861141,496292.2840054044,7507125.126679203,499957.23366626556,7516429.327020088,26.338580635073768,full
499865.50581046,7510940.75352628,Mount_McRae_Shale_and_Mount_Sylvia_Formation,314.8361590028988,89,-0.4850215302568907,0.8745022099384677,495492.9947607677,7508515.645874995,504238.01686015236,7513365.861177565,16.571578736746517,full
503364.269880695,7509283.79361676,Mount_McRae_Shale_and_Mount_Sylvia_Formation,336.5711685161924,26,-0.9231301227846492,0.3844876804367055,501441.83147851145,7504668.143002836,505286.7082828785,7513899.444230683,4.542263228721637,full
506032.035667635,7509504.066124635,Mount_McRae_Shale_and_Mount_Sylvia_Formation,347.5651012748686,92,-0.9777641948092348,0.2097073659866257,504983.49883770186,7504615.245150588,507080.5724975681,7514392.887098681,15.349531882742937,full
507647.3545381701,7509357.09137588,Mount_McRae_Shale_and_Mount_Sylvia_Formation,227.33785269973802,91,-0.9437425000620304,-0.3306812567664951,509300.7608220026,7504638.378875569,505993.9482543376,7514075.80387619,23.654533478441238,full
514231.164892455,7498135.14527243,Mount_McRae_Shale_and_Mount_Sylvia_Formation,250.7379431756102,117,0.8743393290214048,0.4853150911793281,511804.58943655837,7502506.841917537,516657.7403483516,7493763.448627323,27.815811298893465,full
511783.684431785,7497107.11437167,Mount_McRae_Shale_and_Mount_Sylvia_Formation,298.3523611409014,87,0.8321157090698004,0.5546020615894459,509010.6741238378,7501267.692917019,514556.69473973225,7492946.535826322,16.981792207356435,full
509030.28495201,7495932.320043551,Mount_McRae_Shale_and_Mount_Sylvia_Formation,526.5429629702171,46,0.955695483730548,0.29435716804085765,507558.49911180575,7500710.797462204,510502.0707922143,7491153.842624898,5.049128715562034,full
509128.179746415,7495381.5744884135,Wittenoom_Formation,693.4189882868965,39,0.4852604571879102,0.8743696522008185,504756.3314854109,7497807.876774353,513500.0280074191,7492955.272202474,3.2980977575660404,full
513521.3958172701,7497058.13067114,Wittenoom_Formation,774.2752245341579,260,0.8653976709264354,0.5010856924270549,511015.96735513484,7501385.119025772,516026.82427940535,7492731.142316507,19.695913981955243,full
511306.42029421,7495956.848739415,Wittenoom_Formation,772.003004785086,137,0.9046451332895774,0.4261656753135834,509175.5919176421,7500480.074405863,513437.24867077795,7491433.623072968,10.2446508898784,full
515981.11569117,7497829.408611408,Wittenoom_Formation,845.6077792399166,312,0.4679830130313312,0.8837374607393967,511562.428387473,7500169.323676565,520399.802994867,7495489.493546252,21.710072652131785,full
527507.4249544949,7507673.840706515,Turee_Creek_Group,2274.5846303316603,653,-0.98331429873445,-0.1819147874813293,528416.9988919016,7502757.269212843,526597.8510170883,7512590.412200187,16.70623002469641,min
532275.87655646,7508548.67363587,Turee_Creek_Group,3070.2371347021526,328,-0.999999999890609,-1.4791283830671024e-05,532275.9505128792,7503548.673636417,532275.8026000409,7513548.6736353235,6.135798113759947,min
532953.91502581,7507586.41597697,Turee_Creek_Group,3548.9164228252835,400,0.5546649448283677,0.8320737941904814,528793.5460548576,7510359.740701112,537114.2839967625,7504813.091252829,6.482412755104747,min
528852.625865805,7505234.840334725,Turee_Creek_Group,2252.82551903,821,0.8990145685281572,0.437918720282807,526663.032264391,7509729.913177365,531042.219467219,7500739.767492084,21.388327281225017,min
528852.625865805,7505234.840334725,Turee_Creek_Group,2252.82551903,821,0.8990145685281572,0.437918720282807,526663.032264391,7509729.913177365,531042.219467219,7500739.767492084,21.388327281225017,min
520756.334248405,7503825.2400970785,Turee_Creek_Group,2096.5252827701433,187,0.992291790931126,0.12392337007480984,520136.717398031,7508786.699051734,521375.95109877904,7498863.781142423,5.127001591609982,min
516948.91495530435,7503094.313964289,Turee_Creek_Group,2160.0652890827796,1146,0.9674393824229606,0.2531028275959806,515683.40081732447,7507931.510876403,518214.42909328424,7498257.117052174,32.0548732197039,min
518393.7607994,7506208.72970021,Turee_Creek_Group,2149.405278290171,372,-0.9604330060550936,-0.27851111446399485,519786.31637171993,7501406.564669934,517001.20522708003,7511010.894730485,9.97231390101912,min
518393.7607994,7506208.72970021,Turee_Creek_Group,2149.405278290171,372,-0.9604330060550936,-0.27851111446399485,519786.31637171993,7501406.564669934,517001.20522708003,7511010.894730485,9.97231390101912,min
526402.809169365,7507455.07054406,Turee_Creek_Group,2176.892511288016,715,-0.9780506394124444,-0.20836733607959948,527444.645849763,7502564.8173469985,525360.972488967,7512345.323741122,19.182978897760236,min
514231.473899015,7502432.158193755,Turee_Creek_Group,2066.3340751714354,1420,0.9719419351847898,0.23522090602079945,513055.369368911,7507291.867869679,515407.57842911896,7497572.448517831,43.423411358404884,min
501044.054736455,7504442.01773779,Turee_Creek_Group,3536.6871507837454,396,-0.9996472048780456,0.02656060578207881,500911.25170754455,7499443.7817134,501176.8577653654,7509440.25376218,6.433647210052541,min
501044.054736455,7504442.01773779,Turee_Creek_Group,3536.6871507837454,396,-0.9996472048780456,0.02656060578207881,500911.25170754455,7499443.7817134,501176.8577653654,7509440.25376218,6.433647210052541,min
505612.460149985,7504574.06567741,Turee_Creek_Group,3017.692979159726,254,-0.9967938442008276,0.08001270001278721,505212.396649921,7499590.096456406,506012.52365004894,7509558.034898414,4.83200689052795,min
510708.73029814,7505406.620093158,Turee_Creek_Group,4002.1901136157685,2168,-0.9817972067526944,-0.18993221109808348,511658.39135363046,7500497.634059395,509759.0692426496,7510315.606126922,32.80966531652642,min
510708.73029814,7505406.620093158,Turee_Creek_Group,3062.518237880826,1659,-0.9817972067526944,-0.18993221109808348,511658.39135363046,7500497.634059395,509759.0692426496,7510315.606126922,32.80966531652642,min
513987.81137474,7505853.4138166,Turee_Creek_Group,1460.9001870704456,979,-0.9719891816109492,-0.23502559611939544,515162.93935533694,7500993.467908545,512812.683394143,7510713.359724655,42.10846145479394,min
513987.81137474,7505853.4138166,Turee_Creek_Group,1460.9001870704456,979,-0.9719891816109492,-0.23502559611939544,515162.93935533694,7500993.467908545,512812.683394143,7510713.359724655,42.10846145479394,min
